{
    "patientData": [
        { "expanded": true, "patientId": "P0002", "otherName": "Name", "firstName": "address", "lastName": "Roberts", "gender": "Female", "date": "12/23/2013", "email": "julia.roberts@mail.com", "status": "Active", "ssn": "SSN_000003", "insurancePolicyNo": 46, "insuranceCompany": "UHG", "facility": "F002", "expandedRowData": [{ "patientId": "P00021", "carBrand": "Tesla", "carModel": "Model S", "engineSize": "440V", "horsepower": "518 hp" }, { "patientId": "P00022", "carBrand": "Toyota", "carModel": "Prius", "engineSize": "1.8", "horsepower": "121 hp" }, { "patientId": "P00023", "carBrand": "Ford", "carModel": "Mustang", "engineSize": "5.0", "horsepower": "310 to 460 hp" }] }
    ]
}