{
    "patientData": [
        { "expanded": true, "patientId": "P0001", "firstName": "TIN", "lastName": "Cruise", "gender": "Male", "date": "05/23/2000", "email": "tom.cruise@mail.com", "status": "Active", "ssn": "SSN_000002", "insurancePolicyNo": 45, "insuranceCompany": "UHG", "facility": "F002", "expandedRowData": [{ "expanded": true, "patientId": "P00011", "carModel": "Model S", "engineSize": "440V", "horsepower": "518 hp" }, { "patientId": "P00012", "carModel": "Prius", "engineSize": "1.8", "horsepower": "121 hp" }, { "patientId": "P00013", "carModel": "Mustang", "engineSize": "5.0", "horsepower": "310 to 460 hpp" }] },
        { "expanded": true, "patientId": "P0002", "firstName": "address", "lastName": "Roberts", "gender": "Female", "date": "12/23/2013", "email": "julia.roberts@mail.com", "status": "Active", "ssn": "SSN_000003", "insurancePolicyNo": 46, "insuranceCompany": "UHG", "facility": "F002", "expandedRowData": [{ "expanded": true, "patientId": "P00021", "carBrand": "Tesla", "carModel": "Model S", "engineSize": "440V", "horsepower": "518 hp" }, { "patientId": "P00022", "carBrand": "Toyota", "carModel": "Prius", "engineSize": "1.8", "horsepower": "121 hp" }, { "patientId": "P00023", "carBrand": "Ford", "carModel": "Mustang", "engineSize": "5.0", "horsepower": "310 to 460 hp" }] },
        { "expanded": true, "patientId": "P0003", "firstName": "taxonomy", "lastName": "Hackman", "gender": "Male", "date": "01/16/2016", "email": "gene.hackman@mail.com", "status": "Active", "ssn": "SSN_000004", "insurancePolicyNo": 55, "insuranceCompany": "UHG", "facility": "F002", "expandedRowData": [{ "expanded": true, "patientId": "P00031", "carBrand": "Tesla", "carModel": "Model S", "engineSize": "440V", "horsepower": "518 hp" }, { "patientId": "P00032", "carBrand": "Toyota", "carModel": "Prius", "engineSize": "1.8", "horsepower": "121 hp" }, { "patientId": "P00033", "carBrand": "Ford", "carModel": "Mustang", "engineSize": "5.0", "horsepower": "310 to 460 hp" }] },
        { "expanded": true, "patientId": "P0004", "firstName": "multiaddr", "lastName": "Pacino", "gender": "Male", "date": "08/12/1980", "email": "al.pacino@mail.com", "status": "Active", "ssn": "SSN_000005", "insurancePolicyNo": 99, "insuranceCompany": "UHG", "facility": "F002", "expandedRowData": [{ "expanded": true, "patientId": "P00041", "carBrand": "Tesla", "carModel": "Model S", "engineSize": "440V", "horsepower": "518 hp" }, { "patientId": "P00042", "carBrand": "Toyota", "carModel": "Prius", "engineSize": "1.8", "horsepower": "121 hp" }, { "patientId": "P00043", "carBrand": "Ford", "carModel": "Mustang", "engineSize": "5.0", "horsepower": "310 to 460 hp" }] },
        { "expanded": true, "patientId": "P0005", "firstName": "LTKs", "lastName": "De Niro", "gender": "Male", "date": "05/28/2003", "email": "rob.dniro@mail.com", "status": "Inactive", "ssn": "SSN_000006", "insurancePolicyNo": 22, "insuranceCompany": "UHG", "facility": "F002", "expandedRowData": [{ "expanded": true, "patientId": "P00051", "carBrand": "Tesla", "carModel": "Model S", "engineSize": "440V", "horsepower": "518 hp" }, { "patientId": "P00052", "carBrand": "Toyota", "carModel": "Prius", "engineSize": "1.8", "horsepower": "121 hp" }, { "patientId": "P00053", "carBrand": "Ford", "carModel": "Mustang", "engineSize": "5.0", "horsepower": "310 to 460 hp" }] },
        { "expanded": true, "patientId": "P0589", "firstName": "Alan", "lastName": "Lane", "gender": "Male", "date": "04/19/2012", "email": "Alan.Lane@mail.com", "status": "Active", "ssn": "SSN_000666", "insurancePolicyNo": "INS_000666", "insuranceCompany": "UHG", "facility": "F002", "expandedRowData": [{ "carBrand": "Tesla", "carModel": "Model S", "engineSize": "440V", "horsepower": "518 hp" }, { "carBrand": "Toyota", "carModel": "Prius", "engineSize": "1.8", "horsepower": "121 hp" }, { "carBrand": "Ford", "carModel": "Mustang", "engineSize": "5.0", "horsepower": "310 to 460 hp" }] },
        { "expanded": true, "patientId": "P0590", "firstName": "Maria", "lastName": "Hall", "gender": "Female", "date": "04/19/2012", "email": "Maria.Hall@mail.com", "status": "Active", "ssn": "SSN_000667", "insurancePolicyNo": "INS_000667", "insuranceCompany": "UHG", "facility": "F002", "expandedRowData": [{ "carBrand": "Tesla", "carModel": "Model S", "engineSize": "440V", "horsepower": "518 hp" }, { "carBrand": "Toyota", "carModel": "Prius", "engineSize": "1.8", "horsepower": "121 hp" }, { "carBrand": "Ford", "carModel": "Mustang", "engineSize": "5.0", "horsepower": "310 to 460 hp" }] },
        { "expanded": true, "patientId": "P0591", "firstName": "Jose", "lastName": "Hughes", "gender": "Male", "date": "04/19/2012", "email": "Jose.Hughes@mail.com", "status": "Active", "ssn": "SSN_000668", "insurancePolicyNo": "INS_000668", "insuranceCompany": "UHG", "facility": "F002", "expandedRowData": [{ "carBrand": "Tesla", "carModel": "Model S", "engineSize": "440V", "horsepower": "518 hp" }, { "carBrand": "Toyota", "carModel": "Prius", "engineSize": "1.8", "horsepower": "121 hp" }, { "carBrand": "Ford", "carModel": "Mustang", "engineSize": "5.0", "horsepower": "310 to 460 hp" }] },
        { "expanded": true, "patientId": "P0592", "firstName": "Willie", "lastName": "Shaw", "gender": "Male", "date": "04/19/2012", "email": "Willie.Shaw@mail.com", "status": "Active", "ssn": "SSN_000669", "insurancePolicyNo": "INS_000669", "insuranceCompany": "UHG", "facility": "F002", "expandedRowData": [{ "carBrand": "Tesla", "carModel": "Model S", "engineSize": "440V", "horsepower": "518 hp" }, { "carBrand": "Toyota", "carModel": "Prius", "engineSize": "1.8", "horsepower": "121 hp" }, { "carBrand": "Ford", "carModel": "Mustang", "engineSize": "5.0", "horsepower": "310 to 460 hp" }] },
        { "expanded": true, "patientId": "P0593", "firstName": "Susan", "lastName": "Webb", "gender": "Female", "date": "04/19/2012", "email": "Susan.Webb@mail.com", "status": "Inactive", "ssn": "SSN_000670", "insurancePolicyNo": "INS_000670", "insuranceCompany": "UHG", "facility": "F002", "expandedRowData": [{ "carBrand": "Tesla", "carModel": "Model S", "engineSize": "440V", "horsepower": "518 hp" }, { "carBrand": "Toyota", "carModel": "Prius", "engineSize": "1.8", "horsepower": "121 hp" }, { "carBrand": "Ford", "carModel": "Mustang", "engineSize": "5.0", "horsepower": "310 to 460 hp" }] },
        { "expanded": true, "patientId": "P0594", "firstName": "Howard", "lastName": "Hamilton", "gender": "Male", "date": "04/19/2012", "email": "Howard.Hamilton@mail.com", "status": "Active", "ssn": "SSN_000671", "insurancePolicyNo": "INS_000671", "insuranceCompany": "UHG", "facility": "F002", "expandedRowData": [{ "carBrand": "Tesla", "carModel": "Model S", "engineSize": "440V", "horsepower": "518 hp" }, { "carBrand": "Toyota", "carModel": "Prius", "engineSize": "1.8", "horsepower": "121 hp" }, { "carBrand": "Ford", "carModel": "Mustang", "engineSize": "5.0", "horsepower": "310 to 460 hp" }] },
        { "expanded": true, "patientId": "P0595", "firstName": "Roy", "lastName": "Chapman", "gender": "Male", "date": "04/19/2012", "email": "Roy.Chapman@mail.com", "status": "Active", "ssn": "SSN_000672", "insurancePolicyNo": "INS_000672", "insuranceCompany": "UHG", "facility": "F002", "expandedRowData": [{ "carBrand": "Tesla", "carModel": "Model S", "engineSize": "440V", "horsepower": "518 hp" }, { "carBrand": "Toyota", "carModel": "Prius", "engineSize": "1.8", "horsepower": "121 hp" }, { "carBrand": "Ford", "carModel": "Mustang", "engineSize": "5.0", "horsepower": "310 to 460 hp" }] },
        { "expanded": true, "patientId": "P0596", "firstName": "Brian", "lastName": "Stone", "gender": "Male", "date": "04/19/2012", "email": "Brian.Stone@mail.com", "status": "Active", "ssn": "SSN_000673", "insurancePolicyNo": "INS_000673", "insuranceCompany": "UHG", "facility": "F002", "expandedRowData": [{ "carBrand": "Tesla", "carModel": "Model S", "engineSize": "440V", "horsepower": "518 hp" }, { "carBrand": "Toyota", "carModel": "Prius", "engineSize": "1.8", "horsepower": "121 hp" }, { "carBrand": "Ford", "carModel": "Mustang", "engineSize": "5.0", "horsepower": "310 to 460 hp" }] },
        { "expanded": true, "patientId": "P0597", "firstName": "Jennifer", "lastName": "Mills", "gender": "Female", "date": "04/19/2012", "email": "Jennifer.Mills@mail.com", "status": "Active", "ssn": "SSN_000674", "insurancePolicyNo": "INS_000674", "insuranceCompany": "UHG", "facility": "F002", "expandedRowData": [{ "carBrand": "Tesla", "carModel": "Model S", "engineSize": "440V", "horsepower": "518 hp" }, { "carBrand": "Toyota", "carModel": "Prius", "engineSize": "1.8", "horsepower": "121 hp" }, { "carBrand": "Ford", "carModel": "Mustang", "engineSize": "5.0", "horsepower": "310 to 460 hp" }] },
        { "expanded": true, "patientId": "P0598", "firstName": "Brandon", "lastName": "Hudson", "gender": "Male", "date": "04/19/2012", "email": "Brandon.Hudson@mail.com", "status": "Active", "ssn": "SSN_000675", "insurancePolicyNo": "INS_000675", "insuranceCompany": "UHG", "facility": "F002", "expandedRowData": [{ "carBrand": "Tesla", "carModel": "Model S", "engineSize": "440V", "horsepower": "518 hp" }, { "carBrand": "Toyota", "carModel": "Prius", "engineSize": "1.8", "horsepower": "121 hp" }, { "carBrand": "Ford", "carModel": "Mustang", "engineSize": "5.0", "horsepower": "310 to 460 hp" }] },
        { "expanded": true, "patientId": "P0599", "firstName": "Teresa", "lastName": "Morgan", "gender": "Male", "date": "04/19/2012", "email": "Teresa.Morgan@mail.com", "status": "Active", "ssn": "SSN_000676", "insurancePolicyNo": "INS_000676", "insuranceCompany": "UHG", "facility": "F002", "expandedRowData": [{ "carBrand": "Tesla", "carModel": "Model S", "engineSize": "440V", "horsepower": "518 hp" }, { "carBrand": "Toyota", "carModel": "Prius", "engineSize": "1.8", "horsepower": "121 hp" }, { "carBrand": "Ford", "carModel": "Mustang", "engineSize": "5.0", "horsepower": "310 to 460 hp" }] },
        { "expanded": true, "patientId": "P0600", "firstName": "Nicole", "lastName": "Gordon", "gender": "Female", "date": "04/19/2012", "email": "Nicole.Gordon@mail.com", "status": "Active", "ssn": "SSN_000677", "insurancePolicyNo": "INS_000677", "insuranceCompany": "UHG", "facility": "F002", "expandedRowData": [{ "carBrand": "Tesla", "carModel": "Model S", "engineSize": "440V", "horsepower": "518 hp" }, { "carBrand": "Toyota", "carModel": "Prius", "engineSize": "1.8", "horsepower": "121 hp" }, { "carBrand": "Ford", "carModel": "Mustang", "engineSize": "5.0", "horsepower": "310 to 460 hp" }] },
        { "expanded": true, "patientId": "P0601", "firstName": "Diana", "lastName": "Mitchell", "gender": "Female", "date": "04/19/2012", "email": "Diana.Mitchell@mail.com", "status": "Active", "ssn": "SSN_000678", "insurancePolicyNo": "INS_000678", "insuranceCompany": "UHG", "facility": "F002", "expandedRowData": [{ "carBrand": "Tesla", "carModel": "Model S", "engineSize": "440V", "horsepower": "518 hp" }, { "carBrand": "Toyota", "carModel": "Prius", "engineSize": "1.8", "horsepower": "121 hp" }, { "carBrand": "Ford", "carModel": "Mustang", "engineSize": "5.0", "horsepower": "310 to 460 hp" }] },
        { "expanded": true, "patientId": "P0602", "firstName": "Sharon", "lastName": "Johnston", "gender": "Female", "date": "04/19/2012", "email": "Sharon.Johnston@mail.com", "status": "Active", "ssn": "SSN_000679", "insurancePolicyNo": "INS_000679", "insuranceCompany": "UHG", "facility": "F002", "expandedRowData": [{ "carBrand": "Tesla", "carModel": "Model S", "engineSize": "440V", "horsepower": "518 hp" }, { "carBrand": "Toyota", "carModel": "Prius", "engineSize": "1.8", "horsepower": "121 hp" }, { "carBrand": "Ford", "carModel": "Mustang", "engineSize": "5.0", "horsepower": "310 to 460 hp" }] },
        { "expanded": true, "patientId": "P0603", "firstName": "Mark", "lastName": "Bowman", "gender": "Male", "date": "04/19/2012", "email": "Mark.Bowman@mail.com", "status": "Active", "ssn": "SSN_000680", "insurancePolicyNo": "INS_000680", "insuranceCompany": "UHG", "facility": "F002", "expandedRowData": [{ "carBrand": "Tesla", "carModel": "Model S", "engineSize": "440V", "horsepower": "518 hp" }, { "carBrand": "Toyota", "carModel": "Prius", "engineSize": "1.8", "horsepower": "121 hp" }, { "carBrand": "Ford", "carModel": "Mustang", "engineSize": "5.0", "horsepower": "310 to 460 hp" }] },
        { "expanded": true, "patientId": "P0604", "firstName": "Rebecca", "lastName": "Butler", "gender": "Female", "date": "04/19/2012", "email": "Rebecca.Butler@mail.com", "status": "Active", "ssn": "SSN_000681", "insurancePolicyNo": "INS_000681", "insuranceCompany": "UHG", "facility": "F002", "expandedRowData": [{ "carBrand": "Tesla", "carModel": "Model S", "engineSize": "440V", "horsepower": "518 hp" }, { "carBrand": "Toyota", "carModel": "Prius", "engineSize": "1.8", "horsepower": "121 hp" }, { "carBrand": "Ford", "carModel": "Mustang", "engineSize": "5.0", "horsepower": "310 to 460 hp" }] },
        { "expanded": true, "patientId": "P0605", "firstName": "Ronald", "lastName": "Boyd", "gender": "Male", "date": "04/19/2012", "email": "Ronald.Boyd@mail.com", "status": "Active", "ssn": "SSN_000682", "insurancePolicyNo": "INS_000682", "insuranceCompany": "UHG", "facility": "F002", "expandedRowData": [{ "carBrand": "Tesla", "carModel": "Model S", "engineSize": "440V", "horsepower": "518 hp" }, { "carBrand": "Toyota", "carModel": "Prius", "engineSize": "1.8", "horsepower": "121 hp" }, { "carBrand": "Ford", "carModel": "Mustang", "engineSize": "5.0", "horsepower": "310 to 460 hp" }] },
        { "expanded": true, "patientId": "P0606", "firstName": "Jason", "lastName": "Berry", "gender": "Male", "date": "04/19/2012", "email": "Jason.Berry@mail.com", "status": "Active", "ssn": "SSN_000683", "insurancePolicyNo": "INS_000683", "insuranceCompany": "UHG", "facility": "F002", "expandedRowData": [{ "carBrand": "Tesla", "carModel": "Model S", "engineSize": "440V", "horsepower": "518 hp" }, { "carBrand": "Toyota", "carModel": "Prius", "engineSize": "1.8", "horsepower": "121 hp" }, { "carBrand": "Ford", "carModel": "Mustang", "engineSize": "5.0", "horsepower": "310 to 460 hp" }] },
        { "expanded": true, "patientId": "P0607", "firstName": "Earl", "lastName": "King", "gender": "Male", "date": "04/19/2012", "email": "Earl.King@mail.com", "status": "Active", "ssn": "SSN_000684", "insurancePolicyNo": "INS_000684", "insuranceCompany": "UHG", "facility": "F002", "expandedRowData": [{ "carBrand": "Tesla", "carModel": "Model S", "engineSize": "440V", "horsepower": "518 hp" }, { "carBrand": "Toyota", "carModel": "Prius", "engineSize": "1.8", "horsepower": "121 hp" }, { "carBrand": "Ford", "carModel": "Mustang", "engineSize": "5.0", "horsepower": "310 to 460 hp" }] },
        { "expanded": true, "patientId": "P0608", "firstName": "Henry", "lastName": "Wheeler", "gender": "Male", "date": "04/19/2012", "email": "Henry.Wheeler@mail.com", "status": "Active", "ssn": "SSN_000685", "insurancePolicyNo": "INS_000685", "insuranceCompany": "UHG", "facility": "F002", "expandedRowData": [{ "carBrand": "Tesla", "carModel": "Model S", "engineSize": "440V", "horsepower": "518 hp" }, { "carBrand": "Toyota", "carModel": "Prius", "engineSize": "1.8", "horsepower": "121 hp" }, { "carBrand": "Ford", "carModel": "Mustang", "engineSize": "5.0", "horsepower": "310 to 460 hp" }] },
        { "expanded": true, "patientId": "P0609", "firstName": "Lawrence", "lastName": "Gray", "gender": "Male", "date": "04/19/2012", "email": "Lawrence.Gray@mail.com", "status": "Active", "ssn": "SSN_000686", "insurancePolicyNo": "INS_000686", "insuranceCompany": "UHG", "facility": "F002", "expandedRowData": [{ "carBrand": "Tesla", "carModel": "Model S", "engineSize": "440V", "horsepower": "518 hp" }, { "carBrand": "Toyota", "carModel": "Prius", "engineSize": "1.8", "horsepower": "121 hp" }, { "carBrand": "Ford", "carModel": "Mustang", "engineSize": "5.0", "horsepower": "310 to 460 hp" }] },
        { "expanded": true, "patientId": "P0610", "firstName": "Samuel", "lastName": "Taylor", "gender": "Male", "date": "04/19/2012", "email": "Samuel.Taylor@mail.com", "status": "Active", "ssn": "SSN_000687", "insurancePolicyNo": "INS_000687", "insuranceCompany": "UHG", "facility": "F002", "expandedRowData": [{ "carBrand": "Tesla", "carModel": "Model S", "engineSize": "440V", "horsepower": "518 hp" }, { "carBrand": "Toyota", "carModel": "Prius", "engineSize": "1.8", "horsepower": "121 hp" }, { "carBrand": "Ford", "carModel": "Mustang", "engineSize": "5.0", "horsepower": "310 to 460 hp" }] },
        { "expanded": true, "patientId": "P0611", "firstName": "Philip", "lastName": "Williamson", "gender": "Male", "date": "04/19/2012", "email": "Philip.Williamson@mail.com", "status": "Active", "ssn": "SSN_000688", "insurancePolicyNo": "INS_000688", "insuranceCompany": "UHG", "facility": "F002", "expandedRowData": [{ "carBrand": "Tesla", "carModel": "Model S", "engineSize": "440V", "horsepower": "518 hp" }, { "carBrand": "Toyota", "carModel": "Prius", "engineSize": "1.8", "horsepower": "121 hp" }, { "carBrand": "Ford", "carModel": "Mustang", "engineSize": "5.0", "horsepower": "310 to 460 hp" }] },
        { "expanded": true, "patientId": "P0612", "firstName": "Jerry", "lastName": "Hayes", "gender": "Male", "date": "04/19/2012", "email": "Jerry.Hayes@mail.com", "status": "Active", "ssn": "SSN_000689", "insurancePolicyNo": "INS_000689", "insuranceCompany": "UHG", "facility": "F002", "expandedRowData": [{ "carBrand": "Tesla", "carModel": "Model S", "engineSize": "440V", "horsepower": "518 hp" }, { "carBrand": "Toyota", "carModel": "Prius", "engineSize": "1.8", "horsepower": "121 hp" }, { "carBrand": "Ford", "carModel": "Mustang", "engineSize": "5.0", "horsepower": "310 to 460 hp" }] },
        { "expanded": true, "patientId": "P0613", "firstName": "Harry", "lastName": "Gonzalez", "gender": "Male", "date": "04/19/2012", "email": "Harry.Gonzalez@mail.com", "status": "Active", "ssn": "SSN_000690", "insurancePolicyNo": "INS_000690", "insuranceCompany": "UHG", "facility": "F002", "expandedRowData": [{ "carBrand": "Tesla", "carModel": "Model S", "engineSize": "440V", "horsepower": "518 hp" }, { "carBrand": "Toyota", "carModel": "Prius", "engineSize": "1.8", "horsepower": "121 hp" }, { "carBrand": "Ford", "carModel": "Mustang", "engineSize": "5.0", "horsepower": "310 to 460 hp" }] },
        { "expanded": true, "patientId": "P0614", "firstName": "Tammy", "lastName": "Dixon", "gender": "Male", "date": "04/19/2012", "email": "Tammy.Dixon@mail.com", "status": "Active", "ssn": "SSN_000691", "insurancePolicyNo": "INS_000691", "insuranceCompany": "UHG", "facility": "F002", "expandedRowData": [{ "carBrand": "Tesla", "carModel": "Model S", "engineSize": "440V", "horsepower": "518 hp" }, { "carBrand": "Toyota", "carModel": "Prius", "engineSize": "1.8", "horsepower": "121 hp" }, { "carBrand": "Ford", "carModel": "Mustang", "engineSize": "5.0", "horsepower": "310 to 460 hp" }] },
        { "expanded": true, "patientId": "P0615", "firstName": "Bonnie", "lastName": "Hill", "gender": "Male", "date": "04/19/2012", "email": "Bonnie.Hill@mail.com", "status": "Active", "ssn": "SSN_000692", "insurancePolicyNo": "INS_000692", "insuranceCompany": "UHG", "facility": "F002", "expandedRowData": [{ "carBrand": "Tesla", "carModel": "Model S", "engineSize": "440V", "horsepower": "518 hp" }, { "carBrand": "Toyota", "carModel": "Prius", "engineSize": "1.8", "horsepower": "121 hp" }, { "carBrand": "Ford", "carModel": "Mustang", "engineSize": "5.0", "horsepower": "310 to 460 hp" }] },
        { "expanded": true, "patientId": "P0616", "firstName": "Samuel", "lastName": "Clark", "gender": "Male", "date": "04/19/2012", "email": "Samuel.Clark@mail.com", "status": "Active", "ssn": "SSN_000693", "insurancePolicyNo": "INS_000693", "insuranceCompany": "UHG", "facility": "F002", "expandedRowData": [{ "carBrand": "Tesla", "carModel": "Model S", "engineSize": "440V", "horsepower": "518 hp" }, { "carBrand": "Toyota", "carModel": "Prius", "engineSize": "1.8", "horsepower": "121 hp" }, { "carBrand": "Ford", "carModel": "Mustang", "engineSize": "5.0", "horsepower": "310 to 460 hp" }] },
        { "expanded": true, "patientId": "P0617", "firstName": "Henry", "lastName": "Watson", "gender": "Male", "date": "04/19/2012", "email": "Henry.Watson@mail.com", "status": "Active", "ssn": "SSN_000694", "insurancePolicyNo": "INS_000694", "insuranceCompany": "UHG", "facility": "F002", "expandedRowData": [{ "carBrand": "Tesla", "carModel": "Model S", "engineSize": "440V", "horsepower": "518 hp" }, { "carBrand": "Toyota", "carModel": "Prius", "engineSize": "1.8", "horsepower": "121 hp" }, { "carBrand": "Ford", "carModel": "Mustang", "engineSize": "5.0", "horsepower": "310 to 460 hp" }] },
        { "expanded": true, "patientId": "P0618", "firstName": "Jonathan", "lastName": "Simmons", "gender": "Male", "date": "04/19/2012", "email": "Jonathan.Simmons@mail.com", "status": "Active", "ssn": "SSN_000695", "insurancePolicyNo": "INS_000695", "insuranceCompany": "UHG", "facility": "F002", "expandedRowData": [{ "carBrand": "Tesla", "carModel": "Model S", "engineSize": "440V", "horsepower": "518 hp" }, { "carBrand": "Toyota", "carModel": "Prius", "engineSize": "1.8", "horsepower": "121 hp" }, { "carBrand": "Ford", "carModel": "Mustang", "engineSize": "5.0", "horsepower": "310 to 460 hp" }] },
        { "expanded": true, "patientId": "P0619", "firstName": "Katherine", "lastName": "George", "gender": "Female", "date": "04/19/2012", "email": "Katherine.George@mail.com", "status": "Active", "ssn": "SSN_000696", "insurancePolicyNo": "INS_000696", "insuranceCompany": "UHG", "facility": "F002", "expandedRowData": [{ "carBrand": "Tesla", "carModel": "Model S", "engineSize": "440V", "horsepower": "518 hp" }, { "carBrand": "Toyota", "carModel": "Prius", "engineSize": "1.8", "horsepower": "121 hp" }, { "carBrand": "Ford", "carModel": "Mustang", "engineSize": "5.0", "horsepower": "310 to 460 hp" }] },
        { "expanded": true, "patientId": "P0620", "firstName": "Paula", "lastName": "Hayes", "gender": "Female", "date": "04/19/2012", "email": "Paula.Hayes@mail.com", "status": "Active", "ssn": "SSN_000697", "insurancePolicyNo": "INS_000697", "insuranceCompany": "UHG", "facility": "F002", "expandedRowData": [{ "carBrand": "Tesla", "carModel": "Model S", "engineSize": "440V", "horsepower": "518 hp" }, { "carBrand": "Toyota", "carModel": "Prius", "engineSize": "1.8", "horsepower": "121 hp" }, { "carBrand": "Ford", "carModel": "Mustang", "engineSize": "5.0", "horsepower": "310 to 460 hp" }] }

    ]
}