{
    "patientData_dup": [
        {"firstName": "Ashok", "lastName": "Reddy", "gender": "Male", "insurancePolicyNo":"12345", "date": "05/23/2000", "email": "tom.cruise@mail.com" },
        {"firstName": "Sunil", "lastName": "Nagula", "gender": "Male", "insurancePolicyNo":"14345", "date": "05/23/2000", "email": "tom.cruise@mail.com" },
        {"firstName": "Gangadhar", "lastName": "Rao", "gender": "Male", "insurancePolicyNo":"12645", "date": "05/23/2000", "email": "tom.cruise@mail.com" },
        {"firstName": "Prasad", "lastName": "T", "gender": "Male", "insurancePolicyNo":"12745", "date": "05/23/2000", "email": "tom.cruise@mail.com" },
        {"firstName": "TIN", "lastName": "Cruise", "gender": "Male", "insurancePolicyNo":"12345", "date": "05/23/2000", "email": "tom.cruise@mail.com" },
        {"firstName": "Sunil", "lastName": "Ngl", "gender": "Male", "insurancePolicyNo":"12345", "date": "05/23/2000", "email": "tom.cruise@mail.com" }
    ],

    "patientData": [
        {
          "PersonNameIdPK": "826559101452327002",
          "NameUsageType": "7",
          "NameUsageValue": "Preferred",
          "GivenNameOne": "Shawn",
          "StdGivenNameOne": "SHAWN",
          "LastName": "Rmsatwentysevena",
          "StdLastName": "RMSATWENTYSEVENA",
          "PersonPartyId": "826659101452326802",
          "StartDate": "2020-06-01 07:28:43.269",
          "SourceIdentifierType": "1000011",
          "SourceIdentifierValue": "CDB_CA",
          "PersonNameLastUpdateDate": "2020-06-01 07:28:43.269",
          "PersonNameLastUpdateUser": "imdmadmt",
          "PersonNameLastUpdateTxId": "383459101452326602",
          "LastUpdatedBy": "imdmadmt",
          "LastUpdatedDate": "2020-06-01 07:28:43.269"
        }
      ]
}