[{
        "TCRMService": {
            "@schemaLocation": "http:\/\/www.ibm.com\/mdm\/schema MDMDomains.xsd",
            "RequestControl": {
                "requestID": 604157,
                "DWLControl": {
                    "requesterName": "cusadmin",
                    "requesterLocale": "en"
                }
            },
            "TCRMInquiry": {
                "InquiryType": "getParty",
                "InquiryParam": {
                    "tcrmParam": [{
                            "@name": "PartyId",
                            "$": ""
                        },
                        {
                            "@name": "PartyType",
                            "$": "O"
                        },
                        {
                            "@name": "InquiryLevel",
                            "$": "1"
                        }
                    ]
                }
            }
        }
    },
    {
        "TCRMService": {
            "@schemaLocation": "http:\/\/www.ibm.com\/mdm\/schema MDMDomains.xsd",
            "RequestControl": {
                "requestID": 604157,
                "DWLControl": {
                    "requesterName": "cusadmin",
                    "requesterLocale": "en"
                }
            },
            "TCRMTx": {
                "TCRMTxType": "getHealthCareOrganization",
                "TCRMTxObject": "XUHGInquiryBObj",
                "TCRMObject": {
                    "XUHGInquiryBObj": {
                        "PartyId": "108345678329851246",
                        "InquiryLevel": "20003",
                        "FilterLevel": ""
                    }
                }
            }
        }
    }
]