{
    "TCRMService": {
        "@schemaLocation": "http://www.ibm.com/mdm/schema MDMDomains.xsd",
        "ResponseControl": {
            "ResultCode": "SUCCESS",
            "ServiceTime": "191",
            "DWLControl": {
                "requesterName": "cusadmin",
                "requesterLanguage": "100",
                "requesterLocale": "en",
                "requestID": "604157"
            }
        },
        "TxResponse": {
            "RequestType": "getParty",
            "TxResult": {
                "ResultCode": "SUCCESS"
            },
            "ResponseObject": {
                "TCRMOrganizationBObj": {
                    "PartyId": "627858167288489079",
                    "DisplayName": "HCO EDT T1",
                    "PartyType": "O",
                    "CreatedDate": "2020-02-14 03:34:44.881",
                    "SinceDate": "2016-01-01 00:00:00.0",
                    "PartyActiveIndicator": "Y",
                    "SourceIdentifierType": "2000000",
                    "SourceIdentifierValue": "NDB",
                    "PartyLastUpdateDate": "2020-02-14 03:34:44.889",
                    "PartyLastUpdateUser": "cusadmin",
                    "PartyLastUpdateTxId": "377558167288488092",
                    "OrganizationPartyId": "627858167288489079",
                    "OrganizationType": "1000005",
                    "OrganizationValue": "HCOSOLO",
                    "IndustryType": "1000001",
                    "IndustryValue": "HCO",
                    "OrganizationLastUpdateDate": "2020-02-14 03:34:44.899",
                    "OrganizationLastUpdateUser": "cusadmin",
                    "OrganizationLastUpdateTxId": "377558167288488092",
                    "TCRMExtension": {
                        "ExtendedObject": "XOrgBObjExt",
                        "XOrgBObjExt": {
                            "XUHGPartyType": "NONINDIV",
                            "LastSourceUpdateDate": "2014-02-24 07:53:05.0",
                            "SourceSystemUpdatedByType": "2000000"
                        }
                    },
                    "TCRMOrganizationNameBObj": [
                        {
                            "OrganizationNameIdPK": "623358167288493295",
                            "OrganizationPartyId": "627858167288489079",
                            "OrganizationName": "HCO EDT T1",
                            "StartDate": "2016-01-01 00:00:00.0",
                            "NameUsageType": "1",
                            "NameUsageValue": "Legal",
                            "SourceIdentifierType": "2000000",
                            "SourceIdentifierValue": "NDB",
                            "OrganizationNameLastUpdateDate": "2020-02-14 03:34:44.931",
                            "OrganizationNameLastUpdateUser": "cusadmin",
                            "OrganizationNameLastUpdateTxId": "377558167288488092",
                            "TCRMExtension": {
                                "ExtendedObject": "XOrganizationNameBObjExt",
                                "XOrganizationNameBObjExt": "\n\t\t\t\t\t\t"
                            },
                            "SOrganizationName": "HCO EDT T"
                        }
                    ],
                    "TCRMPartyIdentificationBObj": [
                        {
                            "IdentificationIdPK": "629758167288496451",
                            "PartyId": "627858167288489079",
                            "IdentificationType": "1000008",
                            "IdentificationValue": "Lifetime",
                            "IdentificationNumber": "627858167288489079",
                            "StartDate": "2020-02-14 03:34:44.963",
                            "SourceIdentifierType": "2000000",
                            "SourceIdentifierValue": "NDB",
                            "PartyIdentificationLastUpdateDate": "2020-02-14 03:34:44.963",
                            "PartyIdentificationLastUpdateUser": "cusadmin",
                            "PartyIdentificationLastUpdateTxId": "377558167288488092",
                            "TCRMExtension": {
                                "ExtendedObject": "XIdentifierBObjExt",
                                "XIdentifierBObjExt": "\n\t\t\t\t\t\t"
                            },
                            "ComponentID": "1002167"
                        }
                    ],
                    "ComponentID": "1001013",
                    "DWLStatus": {
                        "Status": "0"
                    }
                }
            }
        }
    }
}